{
  "uuid": "06ac39c1835065c63fa31442f3c4cdcb",
  "name": "简单运动",
  "icon": "",
  "version": "3.1.0",
  "watchface": "true",
  "device_type": "120",
  "resources": [
  {
        "type": "bmp",
        "name": "BIG_0",
        "file": "big_0.bmp"
      },
	  {
        "type": "bmp",
        "name": "BIG_1",
        "file": "big_1.bmp"
      },
	  	  
	  {
        "type": "bmp",
        "name": "BIG_2",
        "file": "big_2.bmp"
      },
	  	  
	  {
        "type": "bmp",
        "name": "BIG_3",
        "file": "big_3.bmp"
      },
	  	  
	  {
        "type": "bmp",
        "name": "BIG_4",
        "file": "big_4.bmp"
      },
	  	  
	  {
        "type": "bmp",
        "name": "BIG_5",
        "file": "big_5.bmp"
      },
	  	  
	  {
        "type": "bmp",
        "name": "BIG_6",
        "file": "big_6.bmp"
      },
	  	  
	  {
        "type": "bmp",
        "name": "BIG_7",
        "file": "big_7.bmp"
      },
	  	  
	  {
        "type": "bmp",
        "name": "BIG_8",
        "file": "big_8.bmp"
      },
	  	  
	  {
        "type": "bmp",
        "name": "BIG_9",
        "file": "big_9.bmp"
      },
	  	 	  	  
	  {
        "type": "bmp",
        "name": "LIT_0",
        "file": "lit_0.bmp"
      },	
  	  
	  {
        "type": "bmp",
        "name": "LIT_1",
        "file": "lit_1.bmp"
      },	
  	  
	  {
        "type": "bmp",
        "name": "LIT_2",
        "file": "lit_2.bmp"
      },	
  	  
	  {
        "type": "bmp",
        "name": "LIT_3",
        "file": "lit_3.bmp"
      },	
  	  
	  {
        "type": "bmp",
        "name": "LIT_4",
        "file": "lit_4.bmp"
      },	
  	  
	  {
        "type": "bmp",
        "name": "LIT_5",
        "file": "lit_5.bmp"
      },	
  	  
	  {
        "type": "bmp",
        "name": "LIT_6",
        "file": "lit_6.bmp"
      },	
  	  
	  {
        "type": "bmp",
        "name": "LIT_7",
        "file": "lit_7.bmp"
      },	
  	  
	  {
        "type": "bmp",
        "name": "LIT_8",
        "file": "lit_8.bmp"
      },	
  	  
	  {
        "type": "bmp",
        "name": "LIT_9",
        "file": "lit_9.bmp"
      },	
  	  
	  {
        "type": "bmp",
        "name": "STEP",
        "file": "step.bmp"
      },	
  	  
	  {
        "type": "bmp",
        "name": "GOAL",
        "file": "goal.bmp"
      },	
  	  
	  {
        "type": "bmp",
        "name": "STAGE0",
        "file": "s0.bmp"
      }
	  ,	
  	  
	  {
        "type": "bmp",
        "name": "STAGE1",
        "file": "s1.bmp"
      },	
  	  
	  {
        "type": "bmp",
        "name": "STAGE2",
        "file": "s2.bmp"
      },	
  	  
	  {
        "type": "bmp",
        "name": "STAGE3",
        "file": "s3.bmp"
      },	
  	  
	  {
        "type": "bmp",
        "name": "STAGE4",
        "file": "s4.bmp"
      },	
  	  
	  {
        "type": "bmp",
        "name": "STAGE5",
        "file": "s5.bmp"
      }
      ]
      }
